{"cameraMode":{"drawMode":0,"name":"Shaded","section":"Shading Mode"},"sceneLighting":false,"audioPlay":false,"sceneViewState":{"m_AlwaysRefresh":false,"showFog":true,"showSkybox":false,"showFlares":true,"showImageEffects":true,"showParticleSystems":true,"showVisualEffectGraphs":true,"m_FxEnabled":true},"in2DMode":false,"pivot":{"x":0.43397367000579836,"y":0.4417905807495117,"z":-0.12991873919963838},"rotation":{"x":-0.007230786141008139,"y":0.7244553565979004,"z":0.007612638175487518,"w":0.6892501711845398},"size":1.3861966133117676,"orthographic":false}