{"cameraMode":{"drawMode":0,"name":"Shaded","section":"Shading Mode"},"sceneLighting":false,"audioPlay":false,"sceneViewState":{"m_AlwaysRefresh":false,"showFog":true,"showSkybox":false,"showFlares":true,"showImageEffects":true,"showParticleSystems":true,"showVisualEffectGraphs":true,"m_FxEnabled":true},"in2DMode":false,"pivot":{"x":-1.940000295639038,"y":0.41999995708465578,"z":3.580000162124634},"rotation":{"x":0.29068711400032046,"y":0.6348031163215637,"z":-0.28006136417388918,"w":0.6588667631149292},"size":1.7320541143417359,"orthographic":false}