{"cameraMode":{"drawMode":0,"name":"Shaded","section":"Shading Mode"},"sceneLighting":false,"audioPlay":false,"sceneViewState":{"m_AlwaysRefresh":false,"showFog":true,"showSkybox":false,"showFlares":true,"showImageEffects":true,"showParticleSystems":true,"showVisualEffectGraphs":true,"m_FxEnabled":true},"in2DMode":false,"pivot":{"x":1.386810064315796,"y":0.6211414337158203,"z":-2.7379536628723146},"rotation":{"x":0.0006798069807700813,"y":0.998881995677948,"z":0.04498029872775078,"w":-0.01498328521847725},"size":0.5660284757614136,"orthographic":false}